{ "compressionlevel":-1,
 "height":5,
 "infinite":false,
 "layers":[
        {
         "data":[0, 0, 0, 0,
            0, 0, 0, 0,
            0, 0, 0, 0,
            0, 0, 0, 0,
            2, 2, 2, 2],
         "height":5,
         "id":1,
         "name":"ground",
         "opacity":1,
         "type":"tilelayer",
         "visible":true,
         "width":4,
         "x":0,
         "y":0
        }, 
        {
         "data":[0, 0, 0, 0,
            1, 2, 2, 4,
            1073741825, 3221225474, 3221225474, 3221225473,
            0, 0, 0, 0,
            0, 0, 0, 0],
         "height":5,
         "id":4,
         "name":"title",
         "opacity":1,
         "type":"tilelayer",
         "visible":true,
         "width":4,
         "x":0,
         "y":0
        }],
 "nextlayerid":5,
 "nextobjectid":1,
 "orientation":"orthogonal",
 "renderorder":"right-down",
 "tiledversion":"1.9.2",
 "tileheight":128,
 "tilesets":[
        {
         "columns":18,
         "firstgid":1,
         "image":"spritesheet.png",
         "imageheight":128,
         "imagewidth":2304,
         "margin":0,
         "name":"tiles1",
         "spacing":0,
         "tilecount":18,
         "tileheight":128,
         "tilewidth":128
        }],
 "tilewidth":128,
 "type":"map",
 "version":"1.9",
 "width":4
}